Byte Address, Hex, Decimal
0,0x2d,45
1,0x11,17
2,0x0,0
3,0xc0,192
4,0xc0,192
5,0x0,0
6,0x0,0
7,0x40,64
8,0x8c,140
9,0x8c,140
10,0x8c,140
11,0x70,112
12,0xf0,240
13,0xc,12
14,0xc,12
15,0x10,16
16,0xfc,252
17,0x0,0
18,0x81,129
19,0xff,255
20,0x81,129
21,0x0,0
22,0x0,0
23,0x0,0
24,0x0,0
25,0x0,0
26,0x0,0
27,0x0,0
28,0x70,112
29,0xb0,176
30,0x0,0
31,0x0,0
32,0x42,66
33,0x81,129
34,0x81,129
35,0x81,129
36,0x7e,126
37,0xff,255
38,0x2,2
39,0x1c,28
40,0x2,2
41,0xff,255
42,0x3c,60
43,0x42,66
44,0x81,129
45,0x81,129
46,0xff,255
47,0x3c,60
48,0x11,17
49,0x30,48
50,0xac,172
51,0xac,172
52,0xac,172
53,0x70,112
54,0x0,0
55,0x80,128
56,0xfe,254
57,0x82,130
58,0x0,0
59,0x10,16
60,0x2c,44
61,0x2c,44
62,0x2c,44
63,0xfc,252
64,0x70,112
65,0x8c,140
66,0x8c,140
67,0x8c,140
68,0x70,112
69,0x30,48
70,0xac,172
71,0xac,172
72,0xac,172
73,0x70,112
74,0xe,14
75,0x11,17
76,0x11,17
77,0x11,17
78,0xff,255
79,0x0,0
80,0x0,0
81,0x0,0
82,0x0,0
83,0x0,0
84,0x40,64
85,0x80,128
86,0x8c,140
87,0x7f,127
88,0xc,12
89,0x10,16
90,0xc,12
91,0xc,12
92,0x10,16
93,0xfc,252
94,0xf0,240
95,0xac,172
96,0xac,172
97,0xac,172
98,0x40,64
99,0xf0,240
100,0xc,12
101,0x30,48
102,0xc,12
103,0xfc,252
104,0x61,97
105,0x91,145
106,0x91,145
107,0x91,145
108,0x8e,142
109,0x50,80
110,0x11,17
111,0x40,64
112,0xac,172
113,0xac,172
114,0xac,172
115,0x10,16
116,0xf0,240
117,0xc,12
118,0xc,12
119,0x10,16
120,0xfc,252
121,0x70,112
122,0x8c,140
123,0x8c,140
124,0x8c,140
125,0x70,112
126,0x0,0
127,0x80,128
128,0xfd,253
129,0x8c,140
130,0x0,0
131,0x40,64
132,0x80,128
133,0x8c,140
134,0x7f,127
135,0xc,12
136,0xfc,252
137,0x40,64
138,0x80,128
139,0x80,128
140,0x7c,124
141,0x0,0
142,0x80,128
143,0xfe,254
144,0x82,130
145,0x0,0
146,0x70,112
147,0x8c,140
148,0x8c,140
149,0x8c,140
150,0x70,112
151,0x61,97
152,0x91,145
153,0x91,145
154,0x91,145
155,0x8e,142
156,0x0,0
157,0x0,0
158,0x0,0
159,0x0,0
160,0x0,0
161,0x40,64
162,0x80,128
163,0x8c,140
164,0x7f,127
165,0xc,12
166,0x10,16
167,0xc,12
168,0xc,12
169,0x10,16
170,0xfc,252
171,0x30,48
172,0xac,172
173,0xac,172
174,0xac,172
175,0x70,112
176,0x10,16
177,0x2c,44
178,0x2c,44
179,0x2c,44
180,0xfc,252
181,0x8c,140
182,0x50,80
183,0x20,32
184,0x50,80
185,0x8c,140
186,0x81,129
187,0x91,145
188,0x91,145
189,0x91,145
190,0xff,255
191,0x0,0
192,0x0,0
193,0x0,0
194,0x0,0
195,0x0,0
196,0x0,0
197,0x0,0
198,0x0,0
199,0xc,12
200,0xc,12
201,0x5a,90
202,0xff,255
203,0x7c,124
204,0x80,128
205,0x60,96
206,0x80,128
207,0x7c,124
208,0x0,0
209,0x0,0
210,0x0,0
211,0x0,0
212,0x0,0
213,0x10,16
214,0xc,12
215,0xc,12
216,0x10,16
217,0xfc,252
218,0x30,48
219,0xac,172
220,0xac,172
221,0xac,172
222,0x70,112
223,0x40,64
224,0x80,128
225,0x8c,140
226,0x7f,127
227,0xc,12
228,0x40,64
229,0x80,128
230,0x8c,140
231,0x7f,127
232,0xc,12
233,0xf0,240
234,0xac,172
235,0xac,172
236,0xac,172
237,0x40,64
238,0xf0,240
239,0xc,12
240,0x30,48
241,0xc,12
242,0xfc,252
243,0x0,0
244,0x0,0
245,0x0,0
246,0x0,0
247,0x0,0
248,0x70,112
249,0x8c,140
250,0x8c,140
251,0x8c,140
252,0x70,112
253,0xff,255
254,0x20,32
255,0x10,16
256,0xc,12
257,0xff,255
258,0x0,0
259,0x0,0
260,0x0,0
261,0x0,0
262,0x0,0
263,0x8e,142
264,0x51,81
265,0x31,49
266,0x11,17
267,0xff,255
268,0x5a,90
269,0x0,0
270,0x0,0
271,0x0,0
272,0x0,0
273,0x7e,126
274,0x81,129
275,0x81,129
276,0x81,129
277,0x7e,126
278,0x1,1
279,0x1,1
280,0xff,255
281,0x1,1
282,0x1,1
283,0x0,0
284,0x0,0
285,0x0,0
286,0x0,0
287,0x0,0
288,0x81,129
289,0x91,145
290,0x91,145
291,0x91,145
292,0xff,255
293,0x1f,31
294,0x60,96
295,0x80,128
296,0x60,96
297,0x1f,31
298,0x7e,126
299,0x81,129
300,0x81,129
301,0x81,129
302,0x7e,126
303,0x80,128
304,0x80,128
305,0x80,128
306,0x80,128
307,0xff,255
308,0x0,0
309,0x0,0
310,0x0,0
311,0x0,0
312,0x0,0
313,0x0,0
314,0x81,129
315,0xff,255
316,0x81,129
317,0x0,0
318,0x55,85
319,0x11,17
320,0x3c,60
321,0x42,66
322,0x81,129
323,0x81,129
324,0xff,255
325,0x81,129
326,0x91,145
327,0x91,145
328,0x91,145
329,0xff,255
330,0x81,129
331,0x91,145
332,0x91,145
333,0x91,145
334,0xff,255
335,0x42,66
336,0x81,129
337,0x81,129
338,0x81,129
339,0x7e,126
340,0x42,66
341,0x81,129
342,0x81,129
343,0x81,129
344,0x7e,126
345,0x7f,127
346,0x80,128
347,0x80,128
348,0x80,128
349,0x7f,127
350,0x61,97
351,0x91,145
352,0x91,145
353,0x91,145
354,0x8e,142
355,0x0,0
356,0x0,0
357,0x0,0
358,0x0,0
359,0x0,0
360,0x3c,60
361,0x42,66
362,0x81,129
363,0x81,129
364,0xff,255
365,0xf0,240
366,0x2e,46
367,0x21,33
368,0x2e,46
369,0xf0,240
370,0x81,129
371,0x91,145
372,0x91,145
373,0x91,145
374,0xff,255
375,0x80,128
376,0x80,128
377,0x80,128
378,0x80,128
379,0xff,255
380,0x0,0
381,0x0,0
382,0x0,0
383,0x0,0
384,0x0,0
385,0x3c,60
386,0x42,66
387,0x81,129
388,0x81,129
389,0xff,255
390,0xf0,240
391,0x2e,46
392,0x21,33
393,0x2e,46
394,0xf0,240
395,0x81,129
396,0x91,145
397,0x91,145
398,0x91,145
399,0xff,255
400,0x8e,142
401,0x51,81
402,0x31,49
403,0x11,17
404,0xff,255
405,0x4b,75
406,0x11,17
407,0x80,128
408,0x80,128
409,0x80,128
410,0x80,128
411,0xff,255
412,0x7e,126
413,0x81,129
414,0x81,129
415,0x81,129
416,0x7e,126
417,0x7e,126
418,0x81,129
419,0x81,129
420,0x81,129
421,0x7e,126
422,0x42,66
423,0x81,129
424,0x81,129
425,0x81,129
426,0x7e,126
427,0x0,0
428,0x0,0
429,0x0,0
430,0x0,0
431,0x0,0
432,0x61,97
433,0x91,145
434,0x91,145
435,0x91,145
436,0x8e,142
437,0x0,0
438,0x81,129
439,0xff,255
440,0x81,129
441,0x0,0
442,0x0,0
443,0x0,0
444,0x0,0
445,0x0,0
446,0x0,0
447,0xf2,242
448,0x51,81
449,0x91,145
450,0x81,129
451,0x7e,126
452,0xff,255
453,0x20,32
454,0x10,16
455,0xc,12
456,0xff,255
457,0x0,0
458,0x81,129
459,0xff,255
460,0x81,129
461,0x0,0
462,0x3c,60
463,0x42,66
464,0x81,129
465,0x81,129
466,0xff,255
467,0xf0,240
468,0x2e,46
469,0x21,33
470,0x2e,46
471,0xf0,240
472,0x81,129
473,0x91,145
474,0x91,145
475,0x91,145
476,0xff,255
477,0x8e,142
478,0x51,81
479,0x31,49
480,0x11,17
481,0xff,255
482,0x0,0
483,0x0,0
484,0x0,0
485,0x0,0
486,0x0,0
487,0x8e,142
488,0x51,81
489,0x31,49
490,0x11,17
491,0xff,255
492,0x5a,90
493,0x91,145
494,0x91,145
495,0x91,145
496,0xff,255
497,0x3c,60
498,0x42,66
499,0x81,129
500,0x81,129
501,0xff,255
502,0xf0,240
503,0x2e,46
504,0x21,33
505,0x2e,46
506,0xf0,240
507,0x81,129
508,0x91,145
509,0x91,145
510,0x91,145
511,0xff,255
512,0xff,255
513,0xff,255
514,0xff,255
515,0xff,255
516,0xff,255
517,0xff,255
518,0xff,255
519,0xff,255
520,0xff,255
521,0xff,255
522,0xff,255
523,0xff,255
524,0xff,255
525,0xff,255
526,0xff,255
527,0xff,255
528,0xff,255
529,0xff,255
530,0xff,255
531,0xff,255
532,0xff,255
533,0xff,255
534,0xff,255
535,0xff,255
536,0xff,255
537,0xff,255
538,0xff,255
539,0xff,255
540,0xff,255
541,0xff,255
542,0xff,255
543,0xff,255
544,0xff,255
545,0xff,255
546,0xff,255
547,0xff,255
548,0xff,255
549,0xff,255
550,0xff,255
551,0xff,255
552,0xff,255
553,0xff,255
554,0xff,255
555,0xff,255
556,0xff,255
557,0xff,255
558,0xff,255
559,0xff,255
560,0xff,255
561,0xff,255
562,0xff,255
563,0xff,255
564,0xff,255
565,0xff,255
566,0xff,255
567,0xff,255
568,0xff,255
569,0xff,255
570,0xff,255
571,0xff,255
572,0xff,255
573,0xff,255
574,0xff,255
575,0xff,255
576,0xff,255
577,0xff,255
578,0xff,255
579,0xff,255
580,0xff,255
581,0xff,255
582,0xff,255
583,0xff,255
584,0xff,255
585,0xff,255
586,0xff,255
587,0xff,255
588,0xff,255
589,0xff,255
590,0xff,255
591,0xff,255
592,0xff,255
593,0xff,255
594,0xff,255
595,0xff,255
596,0xff,255
597,0xff,255
598,0xff,255
599,0xff,255
600,0xff,255
601,0xff,255
602,0xff,255
603,0xff,255
604,0xff,255
605,0xff,255
606,0xff,255
607,0xff,255
608,0xff,255
609,0xff,255
610,0xff,255
611,0xff,255
612,0xff,255
613,0xff,255
614,0xff,255
615,0xff,255
616,0xff,255
617,0xff,255
618,0xff,255
619,0xff,255
620,0xff,255
621,0xff,255
622,0xff,255
623,0xff,255
624,0xff,255
625,0xff,255
626,0xff,255
627,0xff,255
628,0xff,255
629,0xff,255
630,0xff,255
631,0xff,255
632,0xff,255
633,0xff,255
634,0xff,255
635,0xff,255
636,0xff,255
637,0xff,255
638,0xff,255
639,0xff,255
640,0xff,255
641,0xff,255
642,0xff,255
643,0xff,255
644,0xff,255
645,0xff,255
646,0xff,255
647,0xff,255
648,0xff,255
649,0xff,255
650,0xff,255
651,0xff,255
652,0xff,255
653,0xff,255
654,0xff,255
655,0xff,255
656,0xff,255
657,0xff,255
658,0xff,255
659,0xff,255
660,0xff,255
661,0xff,255
662,0xff,255
663,0xff,255
664,0xff,255
665,0xff,255
666,0xff,255
667,0xff,255
668,0xff,255
669,0xff,255
670,0xff,255
671,0xff,255
672,0xff,255
673,0xff,255
674,0xff,255
675,0xff,255
676,0xff,255
677,0xff,255
678,0xff,255
679,0xff,255
680,0xff,255
681,0xff,255
682,0xff,255
683,0xff,255
684,0xff,255
685,0xff,255
686,0xff,255
687,0xff,255
688,0xff,255
689,0xff,255
690,0xff,255
691,0xff,255
692,0xff,255
693,0xff,255
694,0xff,255
695,0xff,255
696,0xff,255
697,0xff,255
698,0xff,255
699,0xff,255
700,0xff,255
701,0xff,255
702,0xff,255
703,0xff,255
704,0xff,255
705,0xff,255
706,0xff,255
707,0xff,255
708,0xff,255
709,0xff,255
710,0xff,255
711,0xff,255
712,0xff,255
713,0xff,255
714,0xff,255
715,0xff,255
716,0xff,255
717,0xff,255
718,0xff,255
719,0xff,255
720,0xff,255
721,0xff,255
722,0xff,255
723,0xff,255
724,0xff,255
725,0xff,255
726,0xff,255
727,0xff,255
728,0xff,255
729,0xff,255
730,0xff,255
731,0xff,255
732,0xff,255
733,0xff,255
734,0xff,255
735,0xff,255
736,0xff,255
737,0xff,255
738,0xff,255
739,0xff,255
740,0xff,255
741,0xff,255
742,0xff,255
743,0xff,255
744,0xff,255
745,0xff,255
746,0xff,255
747,0xff,255
748,0xff,255
749,0xff,255
750,0xff,255
751,0xff,255
752,0xff,255
753,0xff,255
754,0xff,255
755,0xff,255
756,0xff,255
757,0xff,255
758,0xff,255
759,0xff,255
760,0xff,255
761,0xff,255
762,0xff,255
763,0xff,255
764,0xff,255
765,0xff,255
766,0xff,255
767,0x3,3
